county_name,counties_msa,town_name,metro_status,metro_name,area_name,smallarea_status,Efficiency,One-Bedroom,Two-Bedroom,Three-Bedroom,Four-Bedroom,year,zip_code
,"Callahan County, TX; Jones County, TX; and Taylor County, TX",,1,"Abilene, TX","Abilene, TX MSA",0,860,876,1117,1488,1789,2024,
,"Acadia Parish, LA; ",,1,"Lafayette, LA","Acadia Parish, LA HUD Metro FMR Area",0,557,626,822,1006,1128,2024,
,"Aguada Municipio, PR; Aguadilla Municipio, PR; Añasco Municipio, PR; Isabela Municipio, PR; Lares Municipio, PR; Moca Municipio, PR; Rincón Municipio, PR; San Sebastián Municipio, PR; and Utuado Municipio, PR",,1,"Aguadilla-Isabela, PR","Aguadilla-Isabela, PR MSA",0,450,453,519,632,713,2024,
,"Portage County, OH; Summit County, OH; ",,1,"Akron, OH","Akron, OH MSA",0,728,816,1039,1301,1389,2024,
,"Dougherty County, GA; Lee County, GA; Terrell County, GA; and Worth County, GA",,1,"Albany, GA","Albany, GA MSA",0,854,860,997,1328,1620,2024,
,"Linn County, OR; ",,1,"Albany-Lebanon, OR","Albany, OR MSA",0,938,1121,1384,1869,2180,2024,
,"Albany County, NY; Rensselaer County, NY; Saratoga County, NY; Schenectady County, NY; and Schoharie County, NY",,1,"Albany-Schenectady-Troy, NY","Albany-Schenectady-Troy, NY MSA",0,1011,1131,1374,1661,1830,2024,
,"Bernalillo County, NM; Sandoval County, NM; Torrance County, NM; and Valencia County, NM",,1,"Albuquerque, NM","Albuquerque, NM MSA",0,828,1005,1222,1722,2064,2024,
,"Grant Parish, LA; Rapides Parish, LA; ",,1,"Alexandria, LA","Alexandria, LA MSA",0,674,757,995,1343,1489,2024,
,"Allen County, KY; ",,1,"Bowling Green, KY","Allen County, KY HUD Metro FMR Area",0,716,726,954,1153,1385,2024,
,"Carbon County, PA; Lehigh County, PA; and Northampton County, PA",,1,"Allentown-Bethlehem-Easton, PA-NJ","Allentown-Bethlehem-Easton, PA HUD Metro FMR Area",0,972,1137,1426,1821,1900,2024,
,"Blair County, PA; ",,1,"Altoona, PA","Altoona, PA MSA",0,673,831,993,1232,1406,2024,
,"Armstrong County, TX; Carson County, TX; Potter County, TX; and Randall County, TX",,1,"Amarillo, TX","Amarillo, TX HUD Metro FMR Area",0,754,879,1082,1482,1728,2024,
,"Story County, IA; ",,1,"Ames, IA","Ames, IA HUD Metro FMR Area",0,847,918,1033,1456,1753,2024,
,"Anchorage Municipality, AK; ",,1,"Anchorage, AK","Anchorage, AK HUD Metro FMR Area",0,996,1107,1454,2049,2467,2024,
,"Madison County, IN; ",,1,"Indianapolis-Carmel-Anderson, IN","Anderson, IN HUD Metro FMR Area",0,793,868,1140,1468,1518,2024,
,"Anderson County, SC; ",,1,"Greenville-Anderson, SC","Anderson, SC HUD Metro FMR Area",0,838,841,1044,1318,1756,2024,
,"Washtenaw County, MI; ",,1,"Ann Arbor, MI","Ann Arbor, MI MSA",0,1222,1234,1471,1779,2001,2024,
,"Calhoun County, AL; ",,1,"Anniston-Oxford, AL","Anniston-Oxford-Jacksonville, AL MSA",0,683,687,903,1243,1319,2024,
,"Calumet County, WI; Outagamie County, WI; ",,1,"Appleton, WI","Appleton, WI MSA",0,696,772,983,1327,1332,2024,
,"Armstrong County, PA; ",,1,"Pittsburgh, PA","Armstrong County, PA HUD Metro FMR Area",0,633,711,934,1163,1434,2024,
,"Buncombe County, NC; Henderson County, NC; and Madison County, NC",,1,"Asheville, NC","Asheville, NC HUD Metro FMR Area",0,1428,1496,1680,2160,2851,2024,
,"Atascosa County, TX; ",,1,"San Antonio-New Braunfels, TX","Atascosa County, TX HUD Metro FMR Area",0,831,1011,1135,1405,1583,2024,
,"Clarke County, GA; Madison County, GA; Oconee County, GA; and Oglethorpe County, GA",,1,"Athens-Clarke County, GA","Athens-Clarke County, GA MSA",0,1014,1041,1169,1577,1717,2024,
,"Barrow County, GA; Bartow County, GA; Carroll County, GA; Cherokee County, GA; Clayton County, GA; Cobb County, GA; Coweta County, GA; Dawson County, GA; DeKalb County, GA; Douglas County, GA; Fayette County, GA; Forsyth County, GA; Fulton County, GA; Gwinnett County, GA; Heard County, GA; Henry County, GA; Jasper County, GA; Newton County, GA; Paulding County, GA; Pickens County, GA; Pike County, GA; Rockdale County, GA; Spalding County, GA; and Walton County, GA",,1,"Atlanta-Sandy Springs-Alpharetta, GA","Atlanta-Sandy Springs-Roswell, GA HUD Metro FMR Area",1,1610,1660,1860,2250,2730,2024,39901
,"Atlantic County, NJ; ",,1,"Atlantic City-Hammonton, NJ","Atlantic City-Hammonton, NJ MSA",0,1172,1340,1670,2353,2584,2024,
,"Lee County, AL; ",,1,"Auburn-Opelika, AL","Auburn-Opelika, AL MSA",0,801,901,1099,1487,1617,2024,
,"Aiken County, SC; Burke County, GA; Columbia County, GA; Edgefield County, SC; McDuffie County, GA; and Richmond County, GA",,1,"Augusta-Richmond County, GA-SC","Augusta-Richmond County, GA-SC HUD Metro FMR Area",0,805,961,1100,1463,1779,2024,
,"Austin County, TX; ",,1,"Houston-The Woodlands-Sugar Land, TX","Austin County, TX HUD Metro FMR Area",0,727,821,922,1299,1565,2024,
,"Bastrop County, TX; Caldwell County, TX; Hays County, TX; Travis County, TX; and Williamson County, TX",,1,"Austin-Round Rock-Georgetown, TX","Austin-Round Rock, TX MSA",0,1519,1635,1924,2470,2840,2024,
,"Baker County, FL; ",,1,"Jacksonville, FL","Baker County, FL HUD Metro FMR Area",0,802,807,1061,1400,1801,2024,
,"Kern County, CA; ",,1,"Bakersfield, CA","Bakersfield, CA MSA",0,960,967,1258,1773,2135,2024,
,"Anne Arundel County, MD; Baltimore city, MD; Baltimore County, MD; Carroll County, MD; Harford County, MD; Howard County, MD; and Queen Anne's County, MD",,1,"Baltimore-Columbia-Towson, MD","Baltimore-Columbia-Towson, MD MSA",0,1379,1582,1943,2519,2849,2024,
,"Penobscot County, ME; ",,1,"Bangor, ME","Bangor, ME HUD Metro FMR Area",0,881,971,1239,1585,1705,2024,
,"Barnstable County, MA; ",,1,"Barnstable Town, MA","Barnstable Town, MA MSA",0,1486,1585,2082,2541,2897,2024,
,"Aibonito Municipio, PR; Barranquitas Municipio, PR; Ciales Municipio, PR; and Orocovis Municipio, PR",,1,"San Juan-Bayamón-Caguas, PR","Barranquitas-Aibonito, PR HUD Metro FMR Area",0,450,458,526,636,732,2024,
,"Bates County, MO; ",,1,"Kansas City, MO-KS","Bates County, MO HUD Metro FMR Area",0,646,650,854,1111,1449,2024,
,"Ascension Parish, LA; East Baton Rouge Parish, LA; East Feliciana Parish, LA; Livingston Parish, LA; Pointe Coupee Parish, LA; St. Helena Parish, LA; West Baton Rouge Parish, LA; and West Feliciana Parish, LA",,1,"Baton Rouge, LA","Baton Rouge, LA HUD Metro FMR Area",0,1107,1124,1277,1598,2125,2024,
,"Calhoun County, MI; ",,1,"Battle Creek, MI","Battle Creek, MI MSA",0,745,854,1038,1291,1488,2024,
,"Bay County, MI; ",,1,"Bay City, MI","Bay City, MI MSA",0,731,736,937,1246,1367,2024,
,"Beaufort County, SC; ",,1,"Hilton Head Island-Bluffton, SC","Beaufort County, SC HUD Metro FMR Area",0,1432,1472,1652,2050,2634,2024,
,"Hardin County, TX; Jefferson County, TX; and Orange County, TX",,1,"Beaumont-Port Arthur, TX","Beaumont-Port Arthur, TX MSA",0,892,932,1126,1470,1575,2024,
,"Whatcom County, WA; ",,1,"Bellingham, WA","Bellingham, WA MSA",0,1254,1306,1571,2214,2666,2024,
,"Deschutes County, OR; ",,1,"Bend, OR","Bend-Redmond, OR MSA",0,1117,1283,1623,2287,2754,2024,
,"Benton County, IA; ",,1,"Cedar Rapids, IA","Benton County, IA HUD Metro FMR Area",0,584,656,862,1140,1257,2024,
,"Bergen County, NJ; Passaic County, NJ; ",,1,"New York-Newark-Jersey City, NY-NJ-PA","Bergen-Passaic, NJ HUD Metro FMR Area",1,1510,1770,2040,2530,3180,2024,07699
,"Berkshire County, MA; ",,1,"Pittsfield, MA","Berkshire County, MA (part) HUD Metro FMR Area",0,983,1104,1451,1754,2396,2024,
,"Carbon County, MT; Yellowstone County, MT; ",,1,"Billings, MT","Billings, MT HUD Metro FMR Area",0,837,874,1148,1583,1778,2024,
,"Broome County, NY; Tioga County, NY; ",,1,"Binghamton, NY","Binghamton, NY MSA",0,855,904,1141,1494,1644,2024,
,"Bibb County, AL; Blount County, AL; Jefferson County, AL; Shelby County, AL; and St. Clair County, AL",,1,"Birmingham-Hoover, AL","Birmingham-Hoover, AL HUD Metro FMR Area",0,983,1109,1245,1570,1752,2024,
,"Burleigh County, ND; Morton County, ND; and Oliver County, ND",,1,"Bismarck, ND","Bismarck, ND MSA",0,764,848,955,1346,1621,2024,
,"Montgomery County, VA; Radford city, VA; ",,1,"Blacksburg-Christiansburg, VA","Blacksburg-Christiansburg-Radford, VA HUD Metro FMR Area",0,993,999,1261,1721,2140,2024,
,"Monroe County, IN; ",,1,"Bloomington, IN","Bloomington, IN HUD Metro FMR Area",0,848,979,1126,1549,1814,2024,
,"Ada County, ID; Boise County, ID; Canyon County, ID; and Owyhee County, ID",,1,"Boise City, ID","Boise City, ID HUD Metro FMR Area",0,993,1139,1388,1956,2298,2024,
,"Bond County, IL; ",,1,"St. Louis, MO-IL","Bond County, IL HUD Metro FMR Area",0,605,794,893,1163,1342,2024,
,"Boone County, WV; ",,1,"Charleston, WV","Boone County, WV HUD Metro FMR Area",0,620,755,848,1195,1439,2024,
,"Essex County, MA; Middlesex County, MA; Norfolk County, MA; Plymouth County, MA; Rockingham County, NH; and Suffolk County, MA",,1,"Boston-Cambridge-Newton, MA-NH","Boston-Cambridge-Quincy, MA-NH HUD Metro FMR Area",0,2212,2377,2827,3418,3765,2024,
,"Boulder County, CO; ",,1,"Boulder, CO","Boulder, CO MSA",0,1585,1823,2217,2898,3394,2024,
,"Edmonson County, KY; Warren County, KY; ",,1,"Bowling Green, KY","Bowling Green, KY HUD Metro FMR Area",0,831,944,1104,1354,1640,2024,
,"Box Elder County, UT; ",,1,"Ogden-Clearfield, UT","Box Elder County, UT HUD Metro FMR Area",0,659,809,972,1337,1591,2024,
,"Brazoria County, TX; ",,1,"Houston-The Woodlands-Sugar Land, TX","Brazoria County, TX HUD Metro FMR Area",0,960,1194,1340,1744,2274,2024,
,"Bremer County, IA; ",,1,"Waterloo-Cedar Falls, IA","Bremer County, IA HUD Metro FMR Area",0,650,676,888,1145,1183,2024,
,"Kitsap County, WA; ",,1,"Bremerton-Silverdale-Port Orchard, WA","Bremerton-Silverdale, WA MSA",0,1389,1559,2049,2698,3181,2024,
,"Fairfield County, CT; ",,1,"Bridgeport-Stamford-Norwalk, CT","Bridgeport, CT HUD Metro FMR Area",0,1333,1591,1967,2489,2932,2024,
,"Norfolk County, MA; Plymouth County, MA; ",,1,"Boston-Cambridge-Newton, MA-NH","Brockton, MA HUD Metro FMR Area",0,1393,1488,1955,2479,2778,2024,
,"Brown County, OH; ",,1,"Cincinnati, OH-KY-IN","Brown County, OH HUD Metro FMR Area",0,668,672,883,1129,1351,2024,
,"Cameron County, TX; ",,1,"Brownsville-Harlingen, TX","Brownsville-Harlingen, TX MSA",0,660,761,965,1270,1374,2024,
,"Brunswick County, NC; ",,1,"Myrtle Beach-Conway-North Myrtle Beach, SC-NC","Brunswick County, NC HUD Metro FMR Area",0,951,1008,1132,1595,1921,2024,
,"Brantley County, GA; Glynn County, GA; and McIntosh County, GA",,1,"Brunswick, GA","Brunswick, GA MSA",0,957,963,1137,1464,1820,2024,
,"Erie County, NY; Niagara County, NY; ",,1,"Buffalo-Cheektowaga, NY","Buffalo-Cheektowaga-Niagara Falls, NY MSA",0,951,992,1163,1424,1604,2024,
,"Alamance County, NC; ",,1,"Burlington, NC","Burlington, NC MSA",0,828,1043,1215,1523,1713,2024,
,"Chittenden County, VT; Franklin County, VT; and Grand Isle County, VT",,1,"Burlington-South Burlington, VT","Burlington-South Burlington, VT MSA",0,1341,1441,1887,2390,2513,2024,
,"Butler County, KY; ",,1,"Bowling Green, KY","Butler County, KY HUD Metro FMR Area",0,638,647,850,1198,1442,2024,
,"Butte County, ID; ",,1,"Idaho Falls, ID","Butte County, ID HUD Metro FMR Area",0,721,819,996,1344,1690,2024,
,"Butts County, GA; ",,1,"Atlanta-Sandy Springs-Alpharetta, GA","Butts County, GA HUD Metro FMR Area",0,948,954,1254,1626,1904,2024,
,"Caguas Municipio, PR; Cayey Municipio, PR; Cidra Municipio, PR; Gurabo Municipio, PR; and San Lorenzo Municipio, PR",,1,"San Juan-Bayamón-Caguas, PR","Caguas, PR HUD Metro FMR Area",0,511,511,589,830,1000,2024,
,"St. Mary's County, MD; ",,1,"California-Lexington Park, MD","California-Lexington Park, MD MSA",0,1470,1492,1755,2277,2662,2024,
,"Callaway County, MO; ",,1,"Jefferson City, MO","Callaway County, MO HUD Metro FMR Area",0,708,713,937,1133,1380,2024,
,"Campbell County, TN; ",,1,"Knoxville, TN","Campbell County, TN HUD Metro FMR Area",0,618,695,912,1202,1215,2024,
,"Carroll County, OH; Stark County, OH; ",,1,"Canton-Massillon, OH","Canton-Massillon, OH MSA",0,613,690,905,1134,1205,2024,
,"Lee County, FL; ",,1,"Cape Coral-Fort Myers, FL","Cape Coral-Fort Myers, FL MSA",0,1329,1331,1677,2198,2499,2024,
,"Alexander County, IL; Bollinger County, MO; and Cape Girardeau County, MO",,1,"Cape Girardeau, MO-IL","Cape Girardeau, MO-IL MSA",0,685,742,933,1315,1540,2024,
,"Carroll County, IN; ",,1,"Lafayette-West Lafayette, IN","Carroll County, IN HUD Metro FMR Area",0,655,657,863,1105,1149,2024,
,"Carson City, NV; ",,1,"Carson City, NV","Carson City, NV MSA",0,921,1066,1359,1915,2306,2024,
,"Natrona County, WY; ",,1,"Casper, WY","Casper, WY MSA",0,759,893,1070,1508,1790,2024,
,"Cass County, MI; ",,1,"South Bend-Mishawaka, IN-MI","Cass County, MI HUD Metro FMR Area",0,708,798,905,1187,1410,2024,
,"Linn County, IA; ",,1,"Cedar Rapids, IA","Cedar Rapids, IA HUD Metro FMR Area",0,638,716,941,1326,1597,2024,
,"Franklin County, PA; ",,1,"Chambersburg-Waynesboro, PA","Chambersburg-Waynesboro, PA MSA",0,914,920,1150,1529,1719,2024,
,"Champaign County, IL; Piatt County, IL; ",,1,"Champaign-Urbana, IL","Champaign-Urbana, IL MSA",0,880,885,1049,1372,1397,2024,
,"Clay County, WV; Kanawha County, WV; ",,1,"Charleston, WV","Charleston, WV HUD Metro FMR Area",0,688,816,994,1300,1324,2024,
,"Berkeley County, SC; Charleston County, SC; and Dorchester County, SC",,1,"Charleston-North Charleston, SC","Charleston-North Charleston, SC MSA",0,1386,1424,1599,1979,2402,2024,
,"Cabarrus County, NC; Gaston County, NC; Mecklenburg County, NC; Union County, NC; and York County, SC",,1,"Charlotte-Concord-Gastonia, NC-SC","Charlotte-Concord-Gastonia, NC-SC HUD Metro FMR Area",1,910,940,1050,1310,1680,2024,29745
,"Geneva County, AL; Houston County, AL; ",,1,"Dothan, AL","Dothan, AL HUD Metro FMR Area",0,735,739,904,1220,1386,2024,
,"Kent County, DE; ",,1,"Dover, DE","Dover, DE MSA",0,1110,1117,1368,1928,2152,2024,
,"Dubuque County, IA; ",,1,"Dubuque, IA","Dubuque, IA MSA",0,650,712,936,1259,1588,2024,
,"Carlton County, MN; Douglas County, WI; and St. Louis County, MN",,1,"Duluth, MN-WI","Duluth, MN-WI HUD Metro FMR Area",0,762,868,1113,1485,1889,2024,
,"Chatham County, NC; Durham County, NC; and Orange County, NC",,1,"Durham-Chapel Hill, NC","Durham-Chapel Hill, NC HUD Metro FMR Area",0,1385,1418,1631,2051,2510,2024,
,"Monroe County, PA; ",,1,"East Stroudsburg, PA","East Stroudsburg, PA MSA",0,1111,1119,1470,1988,2376,2024,
,"Worcester County, MA; ",,1,"Worcester, MA-CT","Eastern Worcester County, MA HUD Metro FMR Area",0,1280,1438,1889,2662,2935,2024,
,"Bristol County, MA; ",,1,"Providence-Warwick, RI-MA","Easton-Raynham, MA HUD Metro FMR Area",0,1890,1903,2500,3023,3747,2024,
,"Chippewa County, WI; Eau Claire County, WI; ",,1,"Eau Claire, WI","Eau Claire, WI MSA",0,777,833,1039,1427,1555,2024,
,"Imperial County, CA; ",,1,"El Centro, CA","El Centro, CA MSA",0,872,1001,1286,1771,2138,2024,
,"El Paso County, TX; ",,1,"El Paso, TX","El Paso, TX HUD Metro FMR Area",0,804,980,1150,1594,1952,2024,
,"Hardin County, KY; Larue County, KY; ",,1,"Elizabethtown-Fort Knox, KY","Elizabethtown, KY HUD Metro FMR Area",0,785,790,1003,1385,1702,2024,
,"Elkhart County, IN; ",,1,"Elkhart-Goshen, IN","Elkhart-Goshen, IN MSA",0,849,879,1102,1415,1468,2024,
,"Chemung County, NY; ",,1,"Elmira, NY","Elmira, NY MSA",0,905,922,1208,1560,1697,2024,
,"Garfield County, OK; ",,1,"Enid, OK","Enid, OK MSA",0,744,760,998,1296,1329,2024,
,"Erie County, PA; ",,1,"Erie, PA","Erie, PA MSA",0,726,757,983,1227,1345,2024,
,"Lane County, OR; ",,1,"Eugene-Springfield, OR","Eugene-Springfield, OR MSA",0,953,1063,1397,1969,2371,2024,
,"Henderson County, KY; Posey County, IN; Vanderburgh County, IN; and Warrick County, IN",,1,"Evansville, IN-KY","Evansville, IN-KY MSA",0,766,850,1070,1360,1558,2024,
,"Fairbanks North Star Borough, AK; ",,1,"Fairbanks, AK","Fairbanks, AK MSA",0,1116,1253,1646,2320,2793,2024,
,"Ceiba Municipio, PR; Fajardo Municipio, PR; and Luquillo Municipio, PR",,1,"San Juan-Bayamón-Caguas, PR","Fajardo, PR HUD Metro FMR Area",0,534,549,616,800,919,2024,
,"Falls County, TX; ",,1,"Waco, TX","Falls County, TX HUD Metro FMR Area",0,627,737,905,1275,1536,2024,
,"Cass County, ND; Clay County, MN; ",,1,"Fargo, ND-MN","Fargo, ND-MN MSA",0,656,781,944,1330,1602,2024,
,"San Juan County, NM; ",,1,"Farmington, NM","Farmington, NM MSA",0,843,847,1012,1426,1526,2024,
,"Fayette County, WV; ",,1,"Beckley, WV","Fayette County, WV HUD Metro FMR Area",0,592,683,873,1169,1481,2024,
,"Cumberland County, NC; ",,1,"Fayetteville, NC","Fayetteville, NC HUD Metro FMR Area",0,1120,1120,1292,1759,2193,2024,
,"Benton County, AR; Madison County, AR; and Washington County, AR",,1,"Fayetteville-Springdale-Rogers, AR","Fayetteville-Springdale-Rogers, AR MSA",0,871,924,1121,1580,1847,2024,
,"Fillmore County, MN; ",,1,"Rochester, MN","Fillmore County, MN HUD Metro FMR Area",0,684,689,905,1234,1443,2024,
,"Worcester County, MA; ",,1,"Worcester, MA-CT","Fitchburg-Leominster, MA HUD Metro FMR Area",0,1072,1238,1582,2055,2373,2024,
,"Coconino County, AZ; ",,1,"Flagstaff, AZ","Flagstaff, AZ MSA",0,1448,1537,1863,2253,2633,2024,
,"Genesee County, MI; ",,1,"Flint, MI","Flint, MI MSA",0,740,854,1061,1317,1444,2024,
,"Florence County, SC; ",,1,"Florence, SC","Florence, SC HUD Metro FMR Area",0,787,792,1012,1279,1374,2024,
,"Colbert County, AL; Lauderdale County, AL; ",,1,"Florence-Muscle Shoals, AL","Florence-Muscle Shoals, AL MSA",0,664,720,940,1157,1425,2024,
,"Fond du Lac County, WI; ",,1,"Fond du Lac, WI","Fond du Lac, WI MSA",0,691,796,1005,1320,1338,2024,
,"Larimer County, CO; ",,1,"Fort Collins, CO","Fort Collins, CO MSA",0,1342,1350,1646,2320,2553,2024,
,"Broward County, FL; ",,1,"Miami-Fort Lauderdale-Pompano Beach, FL","Fort Lauderdale, FL HUD Metro FMR Area",1,1570,1690,2100,2910,3560,2024,33443
,"Crawford County, AR; Sebastian County, AR; and Sequoyah County, OK",,1,"Fort Smith, AR-OK","Fort Smith, AR-OK HUD Metro FMR Area",0,674,678,891,1222,1437,2024,
,"Allen County, IN; Whitley County, IN; ",,1,"Fort Wayne, IN","Fort Wayne, IN MSA",0,826,895,1089,1379,1499,2024,
,"Johnson County, TX; Parker County, TX; and Tarrant County, TX",,1,"Dallas-Fort Worth-Arlington, TX","Fort Worth-Arlington, TX HUD Metro FMR Area",1,940,1020,1200,1590,1930,2024,76490
,"Franklin County, VA; ",,1,"Roanoke, VA","Franklin County, VA HUD Metro FMR Area",0,690,772,905,1169,1329,2024,
,"Fresno County, CA; ",,1,"Fresno, CA","Fresno, CA MSA",0,1149,1157,1443,2033,2330,2024,
,"Etowah County, AL; ",,1,"Gadsden, AL","Gadsden, AL MSA",0,637,817,940,1170,1252,2024,
,"Alachua County, FL; Gilchrist County, FL; ",,1,"Gainesville, FL","Gainesville, FL HUD Metro FMR Area",0,1053,1162,1397,1832,1861,2024,
,"Hall County, GA; ",,1,"Gainesville, GA","Gainesville, GA MSA",0,1076,1235,1386,1711,1932,2024,
,"Lake County, IN; Newton County, IN; and Porter County, IN",,1,"Chicago-Naperville-Elgin, IL-IN-WI","Gary, IN HUD Metro FMR Area",1,840,840,1110,1440,1480,2024,47978
,"Gates County, NC; ",,1,"Virginia Beach-Norfolk-Newport News, VA-NC","Gates County, NC HUD Metro FMR Area",0,905,908,1050,1431,1781,2024,
,"Gem County, ID; ",,1,"Boise City, ID","Gem County, ID HUD Metro FMR Area",0,764,814,1070,1403,1703,2024,
,"Adams County, PA; ",,1,"Gettysburg, PA","Gettysburg, PA MSA",0,831,997,1226,1620,1765,2024,
,"Giles County, VA; ",,1,"Blacksburg-Christiansburg, VA","Giles County, VA HUD Metro FMR Area",0,742,806,905,1179,1245,2024,
,"Warren County, NY; Washington County, NY; ",,1,"Glens Falls, NY","Glens Falls, NY MSA",0,939,1025,1284,1662,1710,2024,
,"Wayne County, NC; ",,1,"Goldsboro, NC","Goldsboro, NC MSA",0,826,831,1092,1358,1824,2024,
,"Grady County, OK; ",,1,"Oklahoma City, OK","Grady County, OK HUD Metro FMR Area",0,604,678,891,1172,1469,2024,
,"Grand Forks County, ND; Polk County, MN; ",,1,"Grand Forks, ND-MN","Grand Forks, ND-MN MSA",0,731,736,929,1309,1577,2024,
,"Mesa County, CO; ",,1,"Grand Junction, CO","Grand Junction, CO MSA",0,761,865,1123,1583,1906,2024,
,"Kent County, MI; ",,1,"Grand Rapids-Kentwood, MI","Grand Rapids-Wyoming, MI HUD Metro FMR Area",0,1093,1142,1369,1785,1963,2024,
,"Grant County, AR; ",,1,"Little Rock-North Little Rock-Conway, AR","Grant County, AR HUD Metro FMR Area",0,743,748,893,1161,1406,2024,
,"Grant County, KY; ",,1,"Cincinnati, OH-KY-IN","Grant County, KY HUD Metro FMR Area",0,661,742,975,1179,1552,2024,
,"Josephine County, OR; ",,1,"Grants Pass, OR","Grants Pass, OR MSA",0,912,1024,1346,1897,1917,2024,
,"Cascade County, MT; ",,1,"Great Falls, MT","Great Falls, MT MSA",0,708,745,979,1380,1560,2024,
,"Weld County, CO; ",,1,"Greeley, CO","Greeley, CO MSA",0,1062,1190,1533,2160,2391,2024,
,"Brown County, WI; Kewaunee County, WI; ",,1,"Green Bay, WI","Green Bay, WI HUD Metro FMR Area",0,774,841,1055,1406,1411,2024,
,"Green County, WI; ",,1,"Madison, WI","Green County, WI HUD Metro FMR Area",0,681,725,949,1147,1264,2024,
,"Guilford County, NC; Randolph County, NC; ",,1,"Greensboro-High Point, NC","Greensboro-High Point, NC HUD Metro FMR Area",0,1011,1042,1170,1493,1680,2024,
,"Pitt County, NC; ",,1,"Greenville, NC","Greenville, NC MSA",0,925,931,1155,1570,1960,2024,
,"Greenville County, SC; Pickens County, SC; ",,1,"Greenville-Anderson, SC","Greenville-Mauldin-Easley, SC HUD Metro FMR Area",0,1032,1074,1206,1500,1797,2024,
,"Grundy County, IL; ",,1,"Chicago-Naperville-Elgin, IL-IN-WI","Grundy County, IL HUD Metro FMR Area",0,1025,1134,1490,1947,1984,2024,
,"Arroyo Municipio, PR; Guayama Municipio, PR; and Patillas Municipio, PR",,1,"Guayama, PR","Guayama, PR MSA",0,404,406,485,643,646,2024,
,"Hancock County, MS; Harrison County, MS; ",,1,"Gulfport-Biloxi, MS","Gulfport-Biloxi, MS HUD Metro FMR Area",0,825,923,1151,1525,1626,2024,
,"Washington County, MD; ",,1,"Hagerstown-Martinsburg, MD-WV","Hagerstown, MD HUD Metro FMR Area",0,830,932,1225,1713,1889,2024,
,"Hall County, NE; ",,1,"Grand Island, NE","Hall County, NE HUD Metro FMR Area",0,673,792,986,1262,1455,2024,
,"Tangipahoa Parish, LA; ",,1,"Hammond, LA","Hammond, LA MSA",0,829,834,1072,1296,1428,2024,
,"Kings County, CA; ",,1,"Hanford-Corcoran, CA","Hanford-Corcoran, CA MSA",0,1080,1087,1371,1932,2310,2024,
,"Haralson County, GA; ",,1,"Atlanta-Sandy Springs-Alpharetta, GA","Haralson County, GA HUD Metro FMR Area",0,854,859,1064,1499,1806,2024,
,"Cumberland County, PA; Dauphin County, PA; and Perry County, PA",,1,"Harrisburg-Carlisle, PA","Harrisburg-Carlisle, PA MSA",0,876,1021,1273,1634,1695,2024,
,"Harrisonburg city, VA; Rockingham County, VA; ",,1,"Harrisonburg, VA","Harrisonburg, VA MSA",0,921,927,1203,1619,2041,2024,
,"Hartford County, CT; Middlesex County, CT; and Tolland County, CT",,1,"Hartford-East Hartford-Middletown, CT","Hartford-West Hartford-East Hartford, CT HUD Metro FMR Area",1,1120,1320,1650,2000,2420,2024,06791
,"Forrest County, MS; Lamar County, MS; and Perry County, MS",,1,"Hattiesburg, MS","Hattiesburg, MS HUD Metro FMR Area",0,766,906,1101,1403,1466,2024,
,"Haywood County, NC; ",,1,"Asheville, NC","Haywood County, NC HUD Metro FMR Area",0,1068,1102,1237,1496,1692,2024,
,"Henry County, AL; ",,1,"Dothan, AL","Henry County, AL HUD Metro FMR Area",0,648,652,857,1093,1144,2024,
,"Alexander County, NC; Burke County, NC; Caldwell County, NC; and Catawba County, NC",,1,"Hickory-Lenoir-Morganton, NC","Hickory-Lenoir-Morganton, NC MSA",0,806,834,1014,1314,1506,2024,
,"Hillsborough County, NH; ",,1,"Manchester-Nashua, NH","Hillsborough County, NH (part) HUD Metro FMR Area",0,1105,1113,1462,1862,2121,2024,
,"Liberty County, GA; ",,1,"Hinesville, GA","Hinesville, GA HUD Metro FMR Area",0,1040,1069,1200,1679,2036,2024,
,"Hocking County, OH; ",,1,"Columbus, OH","Hocking County, OH HUD Metro FMR Area",0,650,655,860,1204,1208,2024,
,"Hoke County, NC; ",,1,"Fayetteville, NC","Hoke County, NC HUD Metro FMR Area",0,793,798,1049,1478,1780,2024,
,"Ottawa County, MI; ",,1,"Grand Rapids-Kentwood, MI","Holland-Grand Haven, MI HUD Metro FMR Area",0,931,1115,1260,1665,1775,2024,
,"Citrus County, FL; ",,1,"Homosassa Springs, FL","Homosassa Springs, FL MSA",0,848,853,1116,1554,1894,2024,
,"Garland County, AR; ",,1,"Hot Springs, AR","Hot Springs, AR MSA",0,767,775,1007,1249,1616,2024,
,"Lafourche Parish, LA; Terrebonne Parish, LA; ",,1,"Houma-Thibodaux, LA","Houma-Thibodaux, LA MSA",0,757,900,1117,1397,1519,2024,
,"Chambers County, TX; Fort Bend County, TX; Galveston County, TX; Harris County, TX; Liberty County, TX; Montgomery County, TX; and Waller County, TX",,1,"Houston-The Woodlands-Sugar Land, TX","Houston-The Woodlands-Sugar Land, TX HUD Metro FMR Area",0,1073,1135,1357,1792,2303,2024,
,"Howard County, NE; ",,1,"Grand Island, NE","Howard County, NE HUD Metro FMR Area",0,609,664,872,1054,1161,2024,
,"Hudspeth County, TX; ",,1,"El Paso, TX","Hudspeth County, TX HUD Metro FMR Area",0,736,897,1053,1273,1787,2024,
,"Boyd County, KY; Cabell County, WV; Greenup County, KY; Lawrence County, OH; and Wayne County, WV",,1,"Huntington-Ashland, WV-KY-OH","Huntington-Ashland, WV-KY-OH HUD Metro FMR Area",0,793,815,938,1236,1431,2024,
,"Limestone County, AL; Madison County, AL; ",,1,"Huntsville, AL","Huntsville, AL MSA",0,900,1067,1248,1619,1937,2024,
,"Iberia Parish, LA; ",,1,"Lafayette, LA","Iberia Parish, LA HUD Metro FMR Area",0,685,690,906,1167,1510,2024,
,"Calcasieu Parish, LA; Cameron Parish, LA; ",,1,"Lake Charles, LA","Lake Charles, LA MSA",0,835,840,1080,1333,1438,2024,
,"Mohave County, AZ; ",,1,"Lake Havasu City-Kingman, AZ","Lake Havasu City-Kingman, AZ MSA",0,858,935,1211,1671,1847,2024,
,"Polk County, FL; ",,1,"Lakeland-Winter Haven, FL","Lakeland-Winter Haven, FL MSA",0,1006,1012,1250,1679,2121,2024,
,"Lamar County, GA; ",,1,"Atlanta-Sandy Springs-Alpharetta, GA","Lamar County, GA HUD Metro FMR Area",0,818,823,1082,1436,1441,2024,
,"Lampasas County, TX; ",,1,"Killeen-Temple, TX","Lampasas County, TX HUD Metro FMR Area",0,789,795,1044,1405,1772,2024,
,"Lancaster County, SC; ",,1,"Charlotte-Concord-Gastonia, NC-SC","Lancaster County, SC HUD Metro FMR Area",0,785,790,1026,1360,1518,2024,
,"Lancaster County, PA; ",,1,"Lancaster, PA","Lancaster, PA MSA",0,938,1061,1333,1725,1775,2024,
,"Clinton County, MI; Eaton County, MI; and Ingham County, MI",,1,"Lansing-East Lansing, MI","Lansing-East Lansing, MI HUD Metro FMR Area",0,847,887,1092,1423,1454,2024,
,"Webb County, TX; ",,1,"Laredo, TX","Laredo, TX MSA",0,876,881,1087,1384,1449,2024,
,"Dona Ana County, NM; ",,1,"Las Cruces, NM","Las Cruces, NM MSA",0,739,881,989,1383,1562,2024,
,"Clark County, NV; ",,1,"Las Vegas-Henderson-Paradise, NV","Las Vegas-Henderson-Paradise, NV MSA",0,1214,1377,1643,2315,2731,2024,
,"Laurens County, SC; ",,1,"Greenville-Anderson, SC","Laurens County, SC HUD Metro FMR Area",0,752,757,994,1202,1330,2024,
,"Douglas County, KS; ",,1,"Lawrence, KS","Lawrence, KS MSA",0,772,869,1054,1485,1789,2024,
,"Essex County, MA; Rockingham County, NH; ",,1,"Boston-Cambridge-Newton, MA-NH","Lawrence, MA-NH HUD Metro FMR Area",0,1299,1483,1917,2329,2553,2024,
,"Comanche County, OK; ",,1,"Lawton, OK","Lawton, OK HUD Metro FMR Area",0,712,717,920,1296,1561,2024,
,"Le Sueur County, MN; ",,1,"Minneapolis-St. Paul-Bloomington, MN-WI","Le Sueur County, MN HUD Metro FMR Area",0,804,845,1110,1564,1758,2024,
,"Lebanon County, PA; ",,1,"Lebanon, PA","Lebanon, PA MSA",0,896,951,1225,1546,1631,2024,
,"Asotin County, WA; Nez Perce County, ID; ",,1,"Lewiston, ID-WA","Lewiston, ID-WA MSA",0,790,860,1109,1563,1882,2024,
,"Androscoggin County, ME; ",,1,"Lewiston-Auburn, ME","Lewiston-Auburn, ME MSA",0,756,877,1111,1462,1635,2024,
,"Bourbon County, KY; Clark County, KY; Fayette County, KY; Jessamine County, KY; Scott County, KY; and Woodford County, KY",,1,"Lexington-Fayette, KY","Lexington-Fayette, KY MSA",0,802,983,1177,1599,1807,2024,
,"Allen County, OH; ",,1,"Lima, OH","Lima, OH MSA",0,716,737,947,1177,1328,2024,
,"Lincoln County, GA; ",,1,"Augusta-Richmond County, GA-SC","Lincoln County, GA HUD Metro FMR Area",0,649,674,885,1174,1179,2024,
,"Lincoln County, NC; ",,1,"Charlotte-Concord-Gastonia, NC-SC","Lincoln County, NC HUD Metro FMR Area",0,944,970,1089,1436,1450,2024,
,"Lincoln County, OK; ",,1,"Oklahoma City, OK","Lincoln County, OK HUD Metro FMR Area",0,766,771,891,1197,1201,2024,
,"Lancaster County, NE; ",,1,"Lincoln, NE","Lincoln, NE HUD Metro FMR Area",0,766,856,1067,1504,1638,2024,
,"Little River County, AR; ",,1,"Texarkana, TX-AR","Little River County, AR HUD Metro FMR Area",0,615,620,814,1147,1381,2024,
,"Faulkner County, AR; Lonoke County, AR; Perry County, AR; Pulaski County, AR; and Saline County, AR",,1,"Little Rock-North Little Rock-Conway, AR","Little Rock-North Little Rock-Conway, AR HUD Metro FMR Area",0,944,950,1089,1454,1717,2024,
,"Livingston County, MI; ",,1,"Detroit-Warren-Dearborn, MI","Livingston County, MI HUD Metro FMR Area",0,920,1155,1358,1864,2069,2024,
,"Cache County, UT; Franklin County, ID; ",,1,"Logan, UT-ID","Logan, UT-ID MSA",0,790,836,1047,1475,1777,2024,
,"Long County, GA; ",,1,"Hinesville, GA","Long County, GA HUD Metro FMR Area",0,788,810,909,1237,1543,2024,
,"Gregg County, TX; Upshur County, TX; ",,1,"Longview, TX","Longview, TX HUD Metro FMR Area",0,889,930,1102,1537,1665,2024,
,"Cowlitz County, WA; ",,1,"Longview, WA","Longview, WA MSA",0,909,1109,1341,1890,2276,2024,
,"Los Angeles County, CA; ",,1,"Los Angeles-Long Beach-Anaheim, CA","Los Angeles-Long Beach-Glendale, CA HUD Metro FMR Area",0,1777,2006,2544,3263,3600,2024,
,"Bullitt County, KY; Clark County, IN; Floyd County, IN; Harrison County, IN; Henry County, KY; Jefferson County, KY; Oldham County, KY; and Spencer County, KY",,1,"Louisville/Jefferson County, KY-IN","Louisville, KY-IN HUD Metro FMR Area",0,976,1077,1301,1701,1955,2024,
,"Middlesex County, MA; ",,1,"Boston-Cambridge-Newton, MA-NH","Lowell, MA HUD Metro FMR Area",0,1369,1518,1995,2412,2657,2024,
,"Crosby County, TX; Lubbock County, TX; ",,1,"Lubbock, TX","Lubbock, TX HUD Metro FMR Area",0,778,931,1113,1551,1829,2024,
,"Amherst County, VA; Appomattox County, VA; Bedford County, VA; Campbell County, VA; and Lynchburg city, VA",,1,"Lynchburg, VA","Lynchburg, VA MSA",0,948,966,1093,1494,1627,2024,
,"Lynn County, TX; ",,1,"Lubbock, TX","Lynn County, TX HUD Metro FMR Area",0,633,758,905,1264,1462,2024,
,"Macon County, TN; ",,1,"Nashville-Davidson--Murfreesboro--Franklin, TN","Macon County, TN HUD Metro FMR Area",0,789,794,927,1185,1404,2024,
,"Bibb County, GA; Crawford County, GA; Jones County, GA; and Twiggs County, GA",,1,"Macon-Bibb County, GA","Macon-Bibb County, GA HUD Metro FMR Area",0,893,999,1146,1398,1526,2024,
,"Macoupin County, IL; ",,1,"St. Louis, MO-IL","Macoupin County, IL HUD Metro FMR Area",0,712,717,942,1235,1428,2024,
,"Madera County, CA; ",,1,"Madera, CA","Madera, CA MSA",0,1083,1090,1432,1998,2208,2024,
,"Dane County, WI; ",,1,"Madison, WI","Madison, WI HUD Metro FMR Area",0,1004,1182,1372,1808,1986,2024,
,"Hillsborough County, NH; ",,1,"Manchester-Nashua, NH","Manchester, NH HUD Metro FMR Area",0,1200,1348,1771,2141,2361,2024,
,"Pottawatomie County, KS; Riley County, KS; ",,1,"Manhattan, KS","Manhattan, KS HUD Metro FMR Area",0,812,817,1009,1347,1712,2024,
,"Blue Earth County, MN; Nicollet County, MN; ",,1,"Mankato, MN","Mankato-North Mankato, MN MSA",0,897,903,1101,1552,1868,2024,
,"Richland County, OH; ",,1,"Mansfield, OH","Mansfield, OH MSA",0,609,689,860,1182,1355,2024,
,"Marshall County, MS; ",,1,"Memphis, TN-MS-AR","Marshall County, MS HUD Metro FMR Area",0,827,846,1047,1269,1619,2024,
,"Martin County, TX; ",,1,"Midland, TX","Martin County, TX HUD Metro FMR Area",0,765,770,905,1275,1536,2024,
,"Berkeley County, WV; ",,1,"Hagerstown-Martinsburg, MD-WV","Martinsburg, WV HUD Metro FMR Area",0,911,916,1151,1573,1953,2024,
,"Matanuska-Susitna Borough, AK; ",,1,"Anchorage, AK","Matanuska-Susitna Borough, AK HUD Metro FMR Area",0,919,974,1280,1804,2172,2024,
,"Maury County, TN; ",,1,"Nashville-Davidson--Murfreesboro--Franklin, TN","Maury County, TN HUD Metro FMR Area",0,1011,1018,1337,1725,1784,2024,
,"Hormigueros Municipio, PR; Las Marías Municipio, PR; and Mayagüez Municipio, PR",,1,"Mayagüez, PR","Mayagüez, PR MSA",0,461,474,532,664,758,2024,
,"Hidalgo County, TX; ",,1,"McAllen-Edinburg-Mission, TX","McAllen-Edinburg-Mission, TX MSA",0,777,781,977,1277,1409,2024,
,"Meade County, KY; ",,1,"Elizabethtown-Fort Knox, KY","Meade County, KY HUD Metro FMR Area",0,783,788,1035,1443,1756,2024,
,"Meade County, SD; ",,1,"Rapid City, SD","Meade County, SD HUD Metro FMR Area",0,784,880,1156,1546,1962,2024,
,"Jackson County, OR; ",,1,"Medford, OR","Medford, OR MSA",0,946,1062,1396,1967,2357,2024,
,"Medina County, TX; ",,1,"San Antonio-New Braunfels, TX","Medina County, TX HUD Metro FMR Area",0,834,866,1138,1513,1516,2024,
,"Crittenden County, AR; DeSoto County, MS; Fayette County, TN; Shelby County, TN; and Tipton County, TN",,1,"Memphis, TN-MS-AR","Memphis, TN-MS-AR HUD Metro FMR Area",0,1031,1146,1298,1711,1995,2024,
,"Merced County, CA; ",,1,"Merced, CA","Merced, CA MSA",0,994,1159,1420,1995,2410,2024,
,"Meriwether County, GA; ",,1,"Atlanta-Sandy Springs-Alpharetta, GA","Meriwether County, GA HUD Metro FMR Area",0,802,807,1061,1422,1530,2024,
,"Merrick County, NE; ",,1,"Grand Island, NE","Merrick County, NE HUD Metro FMR Area",0,609,711,872,1147,1292,2024,
,"Miami-Dade County, FL; ",,1,"Miami-Fort Lauderdale-Pompano Beach, FL","Miami-Miami Beach-Kendall, FL HUD Metro FMR Area",0,1683,1884,2324,3027,3589,2024,
,"LaPorte County, IN; ",,1,"Michigan City-La Porte, IN","Michigan City-La Porte, IN MSA",0,689,823,1016,1299,1461,2024,
,"Hunterdon County, NJ; Middlesex County, NJ; and Somerset County, NJ",,1,"New York-Newark-Jersey City, NY-NJ-PA","Middlesex-Somerset-Hunterdon, NJ HUD Metro FMR Area",0,1608,1807,2276,2756,3031,2024,
,"Midland County, MI; ",,1,"Midland, MI","Midland, MI MSA",0,814,820,1074,1409,1439,2024,
,"Midland County, TX; ",,1,"Midland, TX","Midland, TX HUD Metro FMR Area",0,1364,1372,1612,2059,2723,2024,
,"New Haven County, CT; ",,1,"New Haven-Milford, CT","Milford-Ansonia-Seymour, CT HUD Metro FMR Area",0,1194,1499,1762,2130,2990,2024,
,"Mille Lacs County, MN; ",,1,"Minneapolis-St. Paul-Bloomington, MN-WI","Mille Lacs County, MN HUD Metro FMR Area",0,855,861,1131,1440,1919,2024,
,"Milwaukee County, WI; Ozaukee County, WI; Washington County, WI; and Waukesha County, WI",,1,"Milwaukee-Waukesha, WI","Milwaukee-Waukesha-West Allis, WI MSA",0,845,979,1170,1460,1592,2024,
,"Anoka County, MN; Carver County, MN; Chisago County, MN; Dakota County, MN; Hennepin County, MN; Isanti County, MN; Pierce County, WI; Ramsey County, MN; Scott County, MN; Sherburne County, MN; St. Croix County, WI; Washington County, MN; and Wright County, MN",,1,"Minneapolis-St. Paul-Bloomington, MN-WI","Minneapolis-St. Paul-Bloomington, MN-WI HUD Metro FMR Area",0,1174,1327,1622,2188,2478,2024,
,"Missoula County, MT; ",,1,"Missoula, MT","Missoula, MT MSA",0,845,988,1203,1695,2041,2024,
,"Mobile County, AL; ",,1,"Mobile, AL","Mobile, AL HUD Metro FMR Area",0,810,890,1094,1448,1484,2024,
,"Stanislaus County, CA; ",,1,"Modesto, CA","Modesto, CA MSA",0,1143,1188,1528,2153,2536,2024,
,"Moniteau County, MO; ",,1,"Jefferson City, MO","Moniteau County, MO HUD Metro FMR Area",0,622,626,823,1065,1160,2024,
,"Monmouth County, NJ; Ocean County, NJ; ",,1,"New York-Newark-Jersey City, NY-NJ-PA","Monmouth-Ocean, NJ HUD Metro FMR Area",1,1080,1200,1490,2030,2260,2024,08759
,"Monroe County, GA; ",,1,"Macon-Bibb County, GA","Monroe County, GA HUD Metro FMR Area",0,797,883,1009,1220,1712,2024,
,"Ouachita Parish, LA; Union Parish, LA; ",,1,"Monroe, LA","Monroe, LA HUD Metro FMR Area",0,753,757,995,1245,1325,2024,
,"Monroe County, MI; ",,1,"Monroe, MI","Monroe, MI MSA",0,788,885,1163,1452,1885,2024,
,"Montcalm County, MI; ",,1,"Grand Rapids-Kentwood, MI","Montcalm County, MI HUD Metro FMR Area",0,719,818,996,1234,1359,2024,
,"Autauga County, AL; Elmore County, AL; Lowndes County, AL; and Montgomery County, AL",,1,"Montgomery, AL","Montgomery, AL MSA",0,836,913,1092,1383,1753,2024,
,"Montour County, PA; ",,1,"Bloomsburg-Berwick, PA","Montour County, PA HUD Metro FMR Area",0,784,915,1077,1518,1828,2024,
,"Morgan County, GA; ",,1,"Atlanta-Sandy Springs-Alpharetta, GA","Morgan County, GA HUD Metro FMR Area",0,1000,1006,1322,1598,2243,2024,
,"Morgan County, TN; ",,1,"Knoxville, TN","Morgan County, TN HUD Metro FMR Area",0,651,655,861,1142,1147,2024,
,"Monongalia County, WV; Preston County, WV; ",,1,"Morgantown, WV","Morgantown, WV MSA",0,857,862,1078,1346,1829,2024,
,"Hamblen County, TN; Jefferson County, TN; ",,1,"Morristown, TN","Morristown, TN HUD Metro FMR Area",0,787,792,1023,1375,1653,2024,
,"Skagit County, WA; ",,1,"Mount Vernon-Anacortes, WA","Mount Vernon-Anacortes, WA MSA",0,1123,1279,1657,2335,2590,2024,
,"Delaware County, IN; ",,1,"Muncie, IN","Muncie, IN MSA",0,708,784,952,1280,1383,2024,
,"Murray County, GA; ",,1,"Dalton, GA","Murray County, GA HUD Metro FMR Area",0,614,700,885,1236,1269,2024,
,"Muskegon County, MI; ",,1,"Muskegon, MI","Muskegon, MI MSA",0,716,811,1056,1311,1406,2024,
,"Horry County, SC; ",,1,"Myrtle Beach-Conway-North Myrtle Beach, SC-NC","Myrtle Beach-North Myrtle Beach-Conway, SC HUD Metro FMR Area",0,1121,1187,1361,1724,2005,2024,
,"Napa County, CA; ",,1,"Napa, CA","Napa, CA MSA",0,1819,2043,2684,3634,3915,2024,
,"Collier County, FL; ",,1,"Naples-Marco Island, FL","Naples-Immokalee-Marco Island, FL MSA",0,1328,1493,1782,2375,2497,2024,
,"Hillsborough County, NH; ",,1,"Manchester-Nashua, NH","Nashua, NH HUD Metro FMR Area",0,1326,1489,1956,2528,2737,2024,
,"Cannon County, TN; Cheatham County, TN; Davidson County, TN; Dickson County, TN; Robertson County, TN; Rutherford County, TN; Sumner County, TN; Trousdale County, TN; Williamson County, TN; and Wilson County, TN",,1,"Nashville-Davidson--Murfreesboro--Franklin, TN","Nashville-Davidson--Murfreesboro--Franklin, TN HUD Metro FMR Area",0,1404,1442,1619,2035,2482,2024,
,"Nassau County, NY; Suffolk County, NY; ",,1,"New York-Newark-Jersey City, NY-NJ-PA","Nassau-Suffolk, NY HUD Metro FMR Area",0,1708,2144,2508,3246,3521,2024,
,"Bristol County, MA; ",,1,"Providence-Warwick, RI-MA","New Bedford, MA HUD Metro FMR Area",0,1027,1205,1463,1769,2049,2024,
,"Cleveland County, AR; Jefferson County, AR; and Lincoln County, AR",,1,"Pine Bluff, AR","Pine Bluff, AR MSA",0,635,690,906,1151,1207,2024,
,"Allegheny County, PA; Beaver County, PA; Butler County, PA; Fayette County, PA; Washington County, PA; and Westmoreland County, PA",,1,"Pittsburgh, PA","Pittsburgh, PA HUD Metro FMR Area",1,800,840,1010,1280,1400,2024,16373
,"Berkshire County, MA; ",,1,"Pittsfield, MA","Pittsfield, MA HUD Metro FMR Area",0,950,1100,1402,1807,1867,2024,
,"Bannock County, ID; ",,1,"Pocatello, ID","Pocatello, ID HUD Metro FMR Area",0,669,751,987,1391,1675,2024,
,"Poinsett County, AR; ",,1,"Jonesboro, AR","Poinsett County, AR HUD Metro FMR Area",0,615,620,814,1080,1084,2024,
,"Polk County, MO; ",,1,"Springfield, MO","Polk County, MO HUD Metro FMR Area",0,638,642,797,1090,1285,2024,
,"Adjuntas Municipio, PR; Juana Díaz Municipio, PR; Ponce Municipio, PR; and Villalba Municipio, PR",,1,"Ponce, PR","Ponce, PR MSA",0,454,467,524,738,828,2024,
,"Martin County, FL; St. Lucie County, FL; ",,1,"Port St. Lucie, FL","Port St. Lucie, FL MSA",0,1278,1286,1573,2175,2433,2024,
,"Cumberland County, ME; York County, ME; ",,1,"Portland-South Portland, ME","Portland, ME HUD Metro FMR Area",0,1319,1512,1946,2418,2742,2024,
,"Clackamas County, OR; Clark County, WA; Columbia County, OR; Multnomah County, OR; Skamania County, WA; Washington County, OR; and Yamhill County, OR",,1,"Portland-Vancouver-Hillsboro, OR-WA","Portland-Vancouver-Hillsboro, OR-WA MSA",0,1650,1776,2024,2809,3254,2024,
,"Rockingham County, NH; Strafford County, NH; ",,1,"Boston-Cambridge-Newton, MA-NH","Portsmouth-Rochester, NH HUD Metro FMR Area",0,1481,1582,2003,2557,2999,2024,
,"Bristol County, MA; Bristol County, RI; Kent County, RI; Newport County, RI; Providence County, RI; and Washington County, RI",,1,"Providence-Warwick, RI-MA","Providence-Fall River, RI-MA HUD Metro FMR Area",0,1289,1398,1693,2047,2536,2024,
,"Juab County, UT; Utah County, UT; ",,1,"Provo-Orem, UT","Provo-Orem, UT MSA",0,1086,1093,1253,1766,2126,2024,
,"Pueblo County, CO; ",,1,"Pueblo, CO","Pueblo, CO MSA",0,809,881,1158,1503,1663,2024,
,"Pulaski County, VA; ",,1,"Blacksburg-Christiansburg, VA","Pulaski County, VA HUD Metro FMR Area",0,742,806,905,1242,1536,2024,
,"Charlotte County, FL; ",,1,"Punta Gorda, FL","Punta Gorda, FL MSA",0,1089,1121,1380,1945,2306,2024,
,"Putnam County, IN; ",,1,"Indianapolis-Carmel-Anderson, IN","Putnam County, IN HUD Metro FMR Area",0,827,855,1124,1503,1729,2024,
,"Putnam County, WV; ",,1,"Huntington-Ashland, WV-KY-OH","Putnam County, WV HUD Metro FMR Area",0,820,826,1060,1475,1678,2024,
,"Racine County, WI; ",,1,"Racine, WI","Racine, WI MSA",0,740,842,1092,1429,1662,2024,
,"Raleigh County, WV; ",,1,"Beckley, WV","Raleigh County, WV HUD Metro FMR Area",0,707,711,925,1304,1421,2024,
,"Franklin County, NC; Johnston County, NC; and Wake County, NC",,1,"Raleigh-Cary, NC","Raleigh, NC MSA",0,1427,1466,1646,2035,2711,2024,
,"Pennington County, SD; ",,1,"Rapid City, SD","Rapid City, SD HUD Metro FMR Area",0,788,886,1163,1592,1781,2024,
,"Rappahannock County, VA; ",,1,"Washington-Arlington-Alexandria, DC-VA-MD-WV","Rappahannock County, VA HUD Metro FMR Area",0,1040,1069,1200,1451,2036,2024,
,"Berks County, PA; ",,1,"Reading, PA","Reading, PA MSA",0,895,1041,1320,1649,1758,2024,
,"Shasta County, CA; ",,1,"Redding, CA","Redding, CA MSA",0,1014,1132,1487,2095,2523,2024,
,"Storey County, NV; Washoe County, NV; ",,1,"Reno, NV","Reno, NV MSA",0,1072,1257,1582,2229,2669,2024,
,"Amelia County, VA; Charles City County, VA; Chesterfield County, VA; Colonial Heights city, VA; Dinwiddie County, VA; Goochland County, VA; Hanover County, VA; Henrico County, VA; Hopewell city, VA; King William County, VA; New Kent County, VA; Petersburg city, VA; Powhatan County, VA; Prince George County, VA; Richmond city, VA; and Sussex County, VA",,1,"Richmond, VA","Richmond, VA MSA",0,1328,1365,1532,1959,2393,2024,
,"Riverside County, CA; San Bernardino County, CA; ",,1,"Riverside-San Bernardino-Ontario, CA","Riverside-San Bernardino-Ontario, CA MSA",0,1517,1611,2010,2707,3304,2024,
,"Roane County, TN; ",,1,"Knoxville, TN","Roane County, TN HUD Metro FMR Area",0,793,824,980,1272,1663,2024,
,"Botetourt County, VA; Craig County, VA; Roanoke city, VA; Roanoke County, VA; and Salem city, VA",,1,"Roanoke, VA","Roanoke, VA HUD Metro FMR Area",0,811,894,1088,1513,1760,2024,
,"Dodge County, MN; Olmsted County, MN; ",,1,"Rochester, MN","Rochester, MN HUD Metro FMR Area",0,814,927,1148,1618,1948,2024,
,"Livingston County, NY; Monroe County, NY; Ontario County, NY; Orleans County, NY; and Wayne County, NY",,1,"Rochester, NY","Rochester, NY HUD Metro FMR Area",0,938,1050,1307,1580,1741,2024,
,"Boone County, IL; Winnebago County, IL; ",,1,"Rockford, IL","Rockford, IL MSA",0,699,785,1031,1380,1423,2024,
,"Rockingham County, NC; ",,1,"Greensboro-High Point, NC","Rockingham County, NC HUD Metro FMR Area",0,633,719,934,1198,1360,2024,
,"Edgecombe County, NC; Nash County, NC; ",,1,"Rocky Mount, NC","Rocky Mount, NC MSA",0,825,830,1035,1395,1579,2024,
,"Floyd County, GA; ",,1,"Rome, GA","Rome, GA MSA",0,834,834,1096,1394,1651,2024,
,"Rowan County, NC; ",,1,"Charlotte-Concord-Gastonia, NC-SC","Rowan County, NC HUD Metro FMR Area",0,925,931,1121,1483,1702,2024,
,"Rusk County, TX; ",,1,"Longview, TX","Rusk County, TX HUD Metro FMR Area",0,764,769,1011,1286,1421,2024,
,"El Dorado County, CA; Placer County, CA; and Sacramento County, CA",,1,"Sacramento-Roseville-Folsom, CA","Sacramento--Roseville--Arden-Arcade, CA HUD Metro FMR Area",1,2000,2160,2690,3740,4310,2024,96161
,"Sagadahoc County, ME; ",,1,"Portland-South Portland, ME","Sagadahoc County, ME HUD Metro FMR Area",0,848,1023,1251,1763,2123,2024,
,"Saginaw County, MI; ",,1,"Saginaw, MI","Saginaw, MI MSA",0,681,764,1004,1295,1337,2024,
,"Marion County, OR; Polk County, OR; ",,1,"Salem, OR","Salem, OR MSA",0,997,1053,1340,1888,2095,2024,
,"Monterey County, CA; ",,1,"Salinas, CA","Salinas, CA MSA",0,2340,2367,2879,3990,4400,2024,
,"Wicomico County, MD; ",,1,"Salisbury, MD-DE","Salisbury, MD HUD Metro FMR Area",0,991,998,1311,1739,1746,2024,
,"Salt Lake County, UT; ",,1,"Salt Lake City, UT","Salt Lake City, UT HUD Metro FMR Area",0,1121,1338,1606,2168,2452,2024,
,"Irion County, TX; Tom Green County, TX; ",,1,"San Angelo, TX","San Angelo, TX HUD Metro FMR Area",0,779,927,1149,1523,1912,2024,
,"Bandera County, TX; Bexar County, TX; Comal County, TX; Guadalupe County, TX; and Wilson County, TX",,1,"San Antonio-New Braunfels, TX","San Antonio-New Braunfels, TX HUD Metro FMR Area",1,910,1020,1240,1570,1880,2024,78885
,"San Benito County, CA; ",,1,"San Jose-Sunnyvale-Santa Clara, CA","San Benito County, CA HUD Metro FMR Area",0,1707,1917,2519,3550,4121,2024,
,"San Diego County, CA; ",,1,"San Diego-Chula Vista-Carlsbad, CA","San Diego-Carlsbad, CA MSA",1,2190,2340,2810,3800,4520,2024,92672
,"Marin County, CA; San Francisco County, CA; and San Mateo County, CA",,1,"San Francisco-Oakland-Berkeley, CA","San Francisco, CA HUD Metro FMR Area",0,2292,2818,3359,4112,4473,2024,
,"Cabo Rojo Municipio, PR; Lajas Municipio, PR; Sabana Grande Municipio, PR; and San Germán Municipio, PR",,1,"San Germán, PR","San German, PR MSA",0,423,425,520,669,717,2024,
,"Santa Clara County, CA; ",,1,"San Jose-Sunnyvale-Santa Clara, CA","San Jose-Sunnyvale-Santa Clara, CA HUD Metro FMR Area",0,2383,2694,3132,4011,4425,2024,
,"Aguas Buenas Municipio, PR; Barceloneta Municipio, PR; Bayamón Municipio, PR; Canóvanas Municipio, PR; Carolina Municipio, PR; Cataño Municipio, PR; Comerío Municipio, PR; Corozal Municipio, PR; Dorado Municipio, PR; Florida Municipio, PR; Guaynabo Municipio, PR; Humacao Municipio, PR; Juncos Municipio, PR; Las Piedras Municipio, PR; Loíza Municipio, PR; Manatí Municipio, PR; Maunabo Municipio, PR; Morovis Municipio, PR; Naguabo Municipio, PR; Naranjito Municipio, PR; Río Grande Municipio, PR; San Juan Municipio, PR; Toa Alta Municipio, PR; Toa Baja Municipio, PR; Trujillo Alto Municipio, PR; Vega Alta Municipio, PR; Vega Baja Municipio, PR; and Yabucoa Municipio, PR",,1,"San Juan-Bayamón-Caguas, PR","San Juan-Guaynabo, PR HUD Metro FMR Area",0,556,583,668,882,1056,2024,
,"San Luis Obispo County, CA; ",,1,"San Luis Obispo-Paso Robles, CA","San Luis Obispo-Paso Robles-Arroyo Grande, CA MSA",0,1541,1731,2274,3045,3465,2024,
,"Orange County, CA; ",,1,"Los Angeles-Long Beach-Anaheim, CA","Santa Ana-Anaheim-Irvine, CA HUD Metro FMR Area",0,2200,2344,2783,3769,4467,2024,
,"Santa Cruz County, CA; ",,1,"Santa Cruz-Watsonville, CA","Santa Cruz-Watsonville, CA MSA",0,2849,3085,4054,5000,5504,2024,
,"Santa Fe County, NM; ",,1,"Santa Fe, NM","Santa Fe, NM MSA",0,1171,1317,1535,1960,2044,2024,
,"Santa Barbara County, CA; ",,1,"Santa Maria-Santa Barbara, CA","Santa Maria-Santa Barbara, CA MSA",0,2330,2651,2994,3996,4528,2024,
,"Sonoma County, CA; ",,1,"Santa Rosa-Petaluma, CA","Santa Rosa, CA MSA",0,1611,1809,2377,3228,3425,2024,
,"Saunders County, NE; ",,1,"Omaha-Council Bluffs, NE-IA","Saunders County, NE HUD Metro FMR Area",0,709,769,925,1142,1354,2024,
,"Bryan County, GA; Chatham County, GA; and Effingham County, GA",,1,"Savannah, GA","Savannah, GA MSA",0,1191,1287,1445,1967,2306,2024,
,"Lackawanna County, PA; Luzerne County, PA; and Wyoming County, PA",,1,"Scranton--Wilkes-Barre, PA","Scranton--Wilkes-Barre, PA MSA",0,730,854,1039,1343,1464,2024,
,"King County, WA; Snohomish County, WA; ",,1,"Seattle-Tacoma-Bellevue, WA","Seattle-Bellevue, WA HUD Metro FMR Area",0,2211,2269,2645,3510,4080,2024,
,"Indian River County, FL; ",,1,"Sebastian-Vero Beach, FL","Sebastian-Vero Beach, FL MSA",0,991,1195,1462,1844,2481,2024,
,"Highlands County, FL; ",,1,"Sebring-Avon Park, FL","Sebring, FL MSA",0,757,850,1117,1391,1831,2024,
,"Seward County, NE; ",,1,"Lincoln, NE","Seward County, NE HUD Metro FMR Area",0,656,695,910,1282,1500,2024,
,"Mercer County, PA; ",,1,"Youngstown-Warren-Boardman, OH-PA","Sharon, PA HUD Metro FMR Area",0,656,661,845,1148,1233,2024,
,"Sheboygan County, WI; ",,1,"Sheboygan, WI","Sheboygan, WI MSA",0,647,781,955,1235,1323,2024,
,"Shelby County, KY; ",,1,"Louisville/Jefferson County, KY-IN","Shelby County, KY HUD Metro FMR Area",0,862,965,1130,1458,1589,2024,
,"Grayson County, TX; ",,1,"Sherman-Denison, TX","Sherman-Denison, TX MSA",0,897,1045,1227,1678,2082,2024,
,"Bossier Parish, LA; Caddo Parish, LA; and De Soto Parish, LA",,1,"Shreveport-Bossier City, LA","Shreveport-Bossier City, LA MSA",0,779,927,1073,1358,1486,2024,
,"Cochise County, AZ; ",,1,"Sierra Vista-Douglas, AZ","Sierra Vista-Douglas, AZ MSA",0,770,913,1067,1504,1811,2024,
,"Simpson County, MS; ",,1,"Jackson, MS","Simpson County, MS HUD Metro FMR Area",0,612,785,903,1240,1532,2024,
,"Dakota County, NE; Dixon County, NE; Union County, SD; and Woodbury County, IA",,1,"Sioux City, IA-NE-SD","Sioux City, IA-NE-SD MSA",0,685,780,1010,1228,1345,2024,
,"Lincoln County, SD; McCook County, SD; Minnehaha County, SD; and Turner County, SD",,1,"Sioux Falls, SD","Sioux Falls, SD MSA",0,769,884,1042,1417,1768,2024,
,"Smith County, TN; ",,1,"Nashville-Davidson--Murfreesboro--Franklin, TN","Smith County, TN HUD Metro FMR Area",0,619,691,908,1209,1214,2024,
,"Somerset County, MD; ",,1,"Salisbury, MD-DE","Somerset County, MD HUD Metro FMR Area",0,832,837,1100,1458,1465,2024,
,"St. Joseph County, IN; ",,1,"South Bend-Mishawaka, IN-MI","South Bend-Mishawaka, IN HUD Metro FMR Area",0,689,862,1017,1267,1354,2024,
,"Middlesex County, CT; ",,1,"Hartford-East Hartford-Middletown, CT","Southern Middlesex County, CT HUD Metro FMR Area",0,1190,1328,1713,2322,2907,2024,
,"Spartanburg County, SC; ",,1,"Spartanburg, SC","Spartanburg, SC MSA",0,976,1016,1141,1450,1536,2024,
,"Spokane County, WA; ",,1,"Spokane-Spokane Valley, WA","Spokane, WA HUD Metro FMR Area",0,890,1012,1304,1835,2131,2024,
,"Menard County, IL; Sangamon County, IL; ",,1,"Springfield, IL","Springfield, IL MSA",0,725,873,1070,1421,1459,2024,
,"Hampden County, MA; Hampshire County, MA; ",,1,"Springfield, MA","Springfield, MA HUD Metro FMR Area",0,934,1115,1375,1669,1954,2024,
,"Christian County, MO; Greene County, MO; and Webster County, MO",,1,"Springfield, MO","Springfield, MO HUD Metro FMR Area",0,718,723,921,1274,1434,2024,
,"Clark County, OH; ",,1,"Springfield, OH","Springfield, OH MSA",0,650,721,948,1149,1268,2024,
,"Benton County, MN; Stearns County, MN; ",,1,"St. Cloud, MN","St. Cloud, MN MSA",0,877,906,1155,1531,1820,2024,
,"Washington County, UT; ",,1,"St. George, UT","St. George, UT MSA",0,1010,1099,1355,1856,2299,2024,
,"St. James Parish, LA; ",,1,"New Orleans-Metairie, LA","St. James Parish, LA HUD Metro FMR Area",0,681,715,940,1325,1408,2024,
,"Andrew County, MO; Buchanan County, MO; DeKalb County, MO; and Doniphan County, KS",,1,"St. Joseph, MO-KS","St. Joseph, MO-KS MSA",0,653,734,964,1223,1331,2024,
,"Calhoun County, IL; Clinton County, IL; Franklin County, MO; Jefferson County, MO; Jersey County, IL; Lincoln County, MO; Madison County, IL; Monroe County, IL; St. Charles County, MO; St. Clair County, IL; St. Louis city, MO; St. Louis County, MO; Sullivan part, MO; and Warren County, MO",,1,"St. Louis, MO-IL","St. Louis, MO-IL HUD Metro FMR Area",0,928,972,1209,1565,1818,2024,
,"Fairfield County, CT; ",,1,"Bridgeport-Stamford-Norwalk, CT","Stamford-Norwalk, CT HUD Metro FMR Area",0,1781,2173,2628,3202,3500,2024,
,"Rockingham County, NH; ",,1,"Boston-Cambridge-Newton, MA-NH","Western Rockingham County, NH HUD Metro FMR Area",0,1378,1387,1823,2569,2710,2024,
,"Worcester County, MA; ",,1,"Worcester, MA-CT","Western Worcester County, MA HUD Metro FMR Area",0,998,1065,1399,1947,2318,2024,
,"Belmont County, OH; Marshall County, WV; and Ohio County, WV",,1,"Wheeling, WV-OH","Wheeling, WV-OH MSA",0,607,714,895,1163,1329,2024,
,"Archer County, TX; Clay County, TX; and Wichita County, TX",,1,"Wichita Falls, TX","Wichita Falls, TX MSA",0,800,843,1037,1418,1611,2024,
,"Butler County, KS; Harvey County, KS; and Sedgwick County, KS",,1,"Wichita, KS","Wichita, KS HUD Metro FMR Area",0,689,774,1017,1339,1639,2024,
,"Williamson County, IL; ",,1,"Carbondale-Marion, IL","Williamson County, IL HUD Metro FMR Area",0,743,744,978,1313,1561,2024,
,"Lycoming County, PA; ",,1,"Williamsport, PA","Williamsport, PA MSA",0,756,902,1082,1396,1559,2024,
,"New Hanover County, NC; ",,1,"Wilmington, NC","Wilmington, NC HUD Metro FMR Area",0,1027,1349,1515,2002,2561,2024,
,"Frederick County, VA; Hampshire County, WV; and Winchester city, VA",,1,"Winchester, VA-WV","Winchester, VA-WV MSA",0,983,1104,1390,1734,2347,2024,
,"Windham County, CT; ",,1,"Worcester, MA-CT","Windham County, CT HUD Metro FMR Area",0,1186,1194,1569,1921,2380,2024,
,"Davie County, NC; Forsyth County, NC; Stokes County, NC; and Yadkin County, NC",,1,"Winston-Salem, NC","Winston-Salem, NC HUD Metro FMR Area",0,897,936,1110,1452,1671,2024,
,"Wise County, TX; ",,1,"Dallas-Fort Worth-Arlington, TX","Wise County, TX HUD Metro FMR Area",0,946,1047,1175,1656,1800,2024,
,"Worcester County, MD; ",,1,"Salisbury, MD-DE","Worcester County, MD HUD Metro FMR Area",0,993,1020,1145,1614,1797,2024,
,"Worcester County, MA; ",,1,"Worcester, MA-CT","Worcester, MA HUD Metro FMR Area",0,1282,1292,1661,2008,2212,2024,
,"Yakima County, WA; ",,1,"Yakima, WA","Yakima, WA MSA",0,990,997,1310,1846,1950,2024,
,"Yates County, NY; ",,1,"Rochester, NY","Yates County, NY HUD Metro FMR Area",0,723,811,1066,1356,1527,2024,
,"Yazoo County, MS; ",,1,"Jackson, MS","Yazoo County, MS HUD Metro FMR Area",0,706,711,934,1131,1244,2024,
,"Yolo County, CA; ",,1,"Sacramento-Roseville-Folsom, CA","Yolo, CA HUD Metro FMR Area",0,1497,1507,1980,2717,3169,2024,
,"York County, ME; ",,1,"Portland-South Portland, ME","York County, ME (part) HUD Metro FMR Area",0,1023,1136,1416,1853,2033,2024,
,"York County, PA; ",,1,"York-Hanover, PA","York-Hanover, PA MSA",0,861,951,1197,1595,1667,2024,
,"York County, ME; ",,1,"Portland-South Portland, ME","York-Kittery-South Berwick, ME HUD Metro FMR Area",0,1150,1292,1697,2232,2880,2024,
,"Mahoning County, OH; Trumbull County, OH; ",,1,"Youngstown-Warren-Boardman, OH-PA","Youngstown-Warren-Boardman, OH HUD Metro FMR Area",0,633,683,860,1133,1198,2024,
,"Sutter County, CA; Yuba County, CA; ",,1,"Yuba City, CA","Yuba City, CA MSA",0,1125,1132,1461,2059,2479,2024,
,"Yuma County, AZ; ",,1,"Yuma, AZ","Yuma, AZ MSA",0,956,962,1264,1752,2145,2024,
